model,chunk,epoch,loss,accuracy
0,0,0,0.004439047193527222,0.1936
0,0,1,0.004316781401634216,0.1735
0,0,2,0.004334392786026001,0.2021
0,0,3,0.004501652836799622,0.2187
0,0,4,0.0048198632478713985,0.2652
0,0,5,0.005083572030067444,0.2961
0,0,6,0.005226974725723267,0.3362
0,0,7,0.005512163972854614,0.3539
0,0,8,0.00587518789768219,0.3626
0,0,9,0.005876757121086121,0.3807
0,0,10,0.00593087100982666,0.3899
0,0,11,0.005952194738388062,0.3913
0,0,12,0.005980975008010864,0.3944
0,0,13,0.006007609176635742,0.4
0,0,14,0.006009175109863281,0.4025
0,0,15,0.006006473708152771,0.4054
0,0,16,0.006005595111846924,0.4078
0,0,17,0.00600301399230957,0.409
0,0,18,0.005997678232192993,0.4094
0,0,19,0.005991753935813904,0.4089
0,0,20,0.005986426377296448,0.4094
0,0,21,0.005984202718734741,0.4103
0,0,22,0.005983823871612549,0.4113
0,0,23,0.0059807687520980835,0.4109
0,0,24,0.005980772256851196,0.4119
0,0,25,0.005980558466911316,0.4114
0,0,26,0.005980562973022461,0.4124
0,0,27,0.0059805256366729734,0.4124
0,0,28,0.005980764365196228,0.412
0,0,29,0.005980605363845825,0.4117
0,0,30,0.005982977104187012,0.412
0,0,31,0.005984126806259155,0.412
0,0,32,0.00598704674243927,0.4125
0,0,33,0.005989431047439576,0.4129
0,0,34,0.005994159507751465,0.4128
0,0,35,0.005998003220558166,0.4131
0,0,36,0.0059992607593536374,0.4129
0,0,37,0.006001350045204162,0.4133
0,0,38,0.006003376889228821,0.4127
0,0,39,0.006004165124893188,0.413
0,0,40,0.006005774235725403,0.4134
0,0,41,0.006009974908828736,0.4135
0,0,42,0.006014712262153625,0.413
0,0,43,0.006018786454200745,0.4134
0,0,44,0.0060220423221588135,0.4134
0,0,45,0.006023280477523804,0.4136
0,0,46,0.006024107456207275,0.4136
0,0,47,0.006027912187576294,0.4141
0,0,48,0.0060289715051651,0.4137
0,0,49,0.006031716942787171,0.4144
1,0,0,0.0044285439014434816,0.2106
1,0,1,0.004249088096618652,0.2167
1,0,2,0.004199405169487,0.2314
1,0,3,0.004432536911964416,0.2079
1,0,4,0.004898000645637512,0.2481
1,0,5,0.005021447658538818,0.3012
1,0,6,0.005596199917793274,0.3133
1,0,7,0.006178843331336975,0.3272
1,0,8,0.006026140022277832,0.3585
1,0,9,0.006118193244934082,0.3652
1,0,10,0.006439704513549804,0.3656
1,0,11,0.006327902913093567,0.371
1,0,12,0.006301503849029541,0.3808
1,0,13,0.006332398462295532,0.38
1,0,14,0.006449438762664795,0.3799
1,0,15,0.0064675849437713625,0.3839
1,0,16,0.006453902840614319,0.3903
1,0,17,0.006444710755348205,0.3942
1,0,18,0.0064420038938522335,0.3977
1,0,19,0.006441529750823975,0.3985
1,0,20,0.006434390568733215,0.4005
1,0,21,0.006429305052757264,0.4014
1,0,22,0.006424019551277161,0.4008
1,0,23,0.006420739483833313,0.4013
1,0,24,0.006416649460792541,0.4003
1,0,25,0.006412280368804931,0.4008
1,0,26,0.0064100901126861575,0.4009
1,0,27,0.0064084799528121945,0.401
1,0,28,0.00640892231464386,0.3999
1,0,29,0.006409276223182678,0.4
1,0,30,0.006412046623229981,0.4001
1,0,31,0.006413559746742249,0.4002
1,0,32,0.006418654656410217,0.4006
1,0,33,0.0064193680047988895,0.4009
1,0,34,0.00642065622806549,0.4009
1,0,35,0.006421963691711426,0.4011
1,0,36,0.00642352020740509,0.4008
1,0,37,0.006422818374633789,0.4006
1,0,38,0.006423635673522949,0.4009
1,0,39,0.006425227189064026,0.4003
1,0,40,0.00642714102268219,0.4008
1,0,41,0.006429150629043579,0.4009
1,0,42,0.006433081102371216,0.4011
1,0,43,0.006435077166557312,0.4009
1,0,44,0.006434479331970215,0.4011
1,0,45,0.006443832802772522,0.4014
1,0,46,0.0064477930784225465,0.4012
1,0,47,0.006447420382499695,0.4013
1,0,48,0.0064467550039291385,0.4016
1,0,49,0.0064497408151626585,0.4016
2,0,0,0.004431103348731994,0.223
2,0,1,0.004326739144325256,0.1852
2,0,2,0.004264599847793579,0.2106
2,0,3,0.004332528662681579,0.2294
2,0,4,0.004379437208175659,0.2839
2,0,5,0.004858926606178283,0.3056
2,0,6,0.005204181694984436,0.3303
2,0,7,0.005478540182113648,0.3525
2,0,8,0.005710041308403015,0.3696
2,0,9,0.005936893081665039,0.371
2,0,10,0.006065866661071778,0.376
2,0,11,0.006183971643447876,0.3796
2,0,12,0.006251652050018311,0.3815
2,0,13,0.006262416267395019,0.3834
2,0,14,0.006247089290618896,0.3863
2,0,15,0.006223151826858521,0.3894
2,0,16,0.00620420229434967,0.39
2,0,17,0.006187527227401734,0.3917
2,0,18,0.006176847672462463,0.3926
2,0,19,0.006167800354957581,0.3928
2,0,20,0.006162152934074402,0.3934
2,0,21,0.00616045401096344,0.3939
2,0,22,0.006160642790794373,0.3956
2,0,23,0.006161182713508606,0.3948
2,0,24,0.006161839652061463,0.3954
2,0,25,0.006160577821731568,0.3962
2,0,26,0.006165146851539612,0.3949
2,0,27,0.006166933488845825,0.3942
2,0,28,0.006170920801162719,0.395
2,0,29,0.006175566911697388,0.394
2,0,30,0.0061778675317764285,0.3943
2,0,31,0.006180673193931579,0.3948
2,0,32,0.006184318089485169,0.3949
2,0,33,0.00618632230758667,0.3952
2,0,34,0.006190562438964844,0.395
2,0,35,0.006190574288368225,0.3946
2,0,36,0.00619176709651947,0.3948
2,0,37,0.0061934732913970945,0.3946
2,0,38,0.006200111603736878,0.394
2,0,39,0.006203597068786621,0.3946
2,0,40,0.006204094052314759,0.3943
2,0,41,0.006208317089080811,0.3945
2,0,42,0.0062111328125,0.3948
2,0,43,0.006213650441169739,0.3951
2,0,44,0.006216884875297546,0.3945
2,0,45,0.006216996169090271,0.3947
2,0,46,0.006221887469291687,0.3958
2,0,47,0.006224393320083618,0.3953
2,0,48,0.006225685501098633,0.3959
2,0,49,0.0062291836500167844,0.3954
3,0,0,0.004495677042007446,0.1466
3,0,1,0.004390435075759888,0.1653
3,0,2,0.004355348896980285,0.2114
3,0,3,0.004628333449363709,0.2163
3,0,4,0.004800121402740478,0.2522
3,0,5,0.005241253089904785,0.2885
3,0,6,0.005495888519287109,0.318
3,0,7,0.0057920799732208254,0.3435
3,0,8,0.005809003806114197,0.3729
3,0,9,0.005800131034851074,0.3892
3,0,10,0.005851481080055237,0.3933
3,0,11,0.005868580913543702,0.3958
3,0,12,0.005909427785873413,0.4003
3,0,13,0.005943010020256043,0.4006
3,0,14,0.005970599746704101,0.405
3,0,15,0.005997229695320129,0.4046
3,0,16,0.005991755938529969,0.4056
3,0,17,0.005974568462371826,0.4067
3,0,18,0.005963256549835205,0.4077
3,0,19,0.005955599617958069,0.4083
3,0,20,0.005950492024421692,0.4095
3,0,21,0.005944073987007141,0.409
3,0,22,0.005939613270759582,0.4083
3,0,23,0.005935996985435486,0.4087
3,0,24,0.005932748556137085,0.4093
3,0,25,0.005931662774085998,0.4092
3,0,26,0.005931465482711792,0.4101
3,0,27,0.005931762886047363,0.4102
3,0,28,0.005930470561981201,0.4108
3,0,29,0.0059302276849746705,0.4115
3,0,30,0.005932170009613037,0.412
3,0,31,0.005933529996871949,0.4121
3,0,32,0.005934574055671692,0.4118
3,0,33,0.00593835186958313,0.4118
3,0,34,0.005935400414466858,0.4127
3,0,35,0.005935227274894714,0.4119
3,0,36,0.005939025902748108,0.4118
3,0,37,0.00594055860042572,0.412
3,0,38,0.0059430459022521975,0.4121
3,0,39,0.005944931268692016,0.4121
3,0,40,0.005949046754837036,0.4122
3,0,41,0.005950186800956726,0.4125
3,0,42,0.005949110269546509,0.4127
3,0,43,0.0059522128343582155,0.4119
3,0,44,0.005953936123847961,0.4121
3,0,45,0.005955800986289978,0.4118
3,0,46,0.005959830570220947,0.4116
3,0,47,0.0059609500169754024,0.4116
3,0,48,0.005965123057365417,0.4118
3,0,49,0.005967535185813904,0.412
4,0,0,0.0044553035736083985,0.1943
4,0,1,0.00428131947517395,0.2016
4,0,2,0.0042619611501693725,0.2125
4,0,3,0.0042873970031738285,0.2295
4,0,4,0.004519284296035766,0.2625
4,0,5,0.00487903413772583,0.311
4,0,6,0.00544239866733551,0.3231
4,0,7,0.005532941341400146,0.3509
4,0,8,0.005663100337982178,0.374
4,0,9,0.00570180606842041,0.3941
4,0,10,0.005938270425796509,0.3988
4,0,11,0.005823783469200134,0.4045
4,0,12,0.005873363327980042,0.4066
4,0,13,0.005917228841781616,0.4086
4,0,14,0.005959448075294495,0.408
4,0,15,0.005989617609977722,0.4072
4,0,16,0.006008819651603698,0.4077
4,0,17,0.006013030457496643,0.4079
4,0,18,0.006015863132476807,0.4094
4,0,19,0.006016005516052246,0.4095
4,0,20,0.006014039373397827,0.4111
4,0,21,0.006014569640159607,0.4101
4,0,22,0.0060129771471023555,0.4102
4,0,23,0.006013065099716186,0.4109
4,0,24,0.006014547634124756,0.4108
4,0,25,0.006016356945037842,0.4119
4,0,26,0.006019517016410828,0.4128
4,0,27,0.006022995138168335,0.4128
4,0,28,0.006024439191818237,0.4125
4,0,29,0.006026028418540955,0.4123
4,0,30,0.006028956604003906,0.412
4,0,31,0.006032261848449707,0.4118
4,0,32,0.006034396052360534,0.4123
4,0,33,0.006037994599342346,0.4123
4,0,34,0.006039902234077453,0.4123
4,0,35,0.006040262699127197,0.4122
4,0,36,0.0060437562942504885,0.4127
4,0,37,0.006044549798965454,0.4127
4,0,38,0.006049825501441956,0.4135
4,0,39,0.00605243079662323,0.4136
4,0,40,0.006055695223808289,0.4133
4,0,41,0.006061718845367431,0.4132
4,0,42,0.006062992715835571,0.4144
4,0,43,0.0060640090703964235,0.4142
4,0,44,0.006067760252952576,0.414
4,0,45,0.006068747520446777,0.4145
4,0,46,0.006072447562217712,0.4136
4,0,47,0.006075043034553528,0.4141
4,0,48,0.006075079393386841,0.4148
4,0,49,0.00607654058933258,0.4146
0,1,0,0.004258673810958863,0.2453
0,1,1,0.003866373872756958,0.2989
0,1,2,0.004027179598808288,0.3211
0,1,3,0.004231511056423188,0.3767
0,1,4,0.004544875073432922,0.4043
0,1,5,0.0051113412141799925,0.4309
0,1,6,0.00536504499912262,0.4338
0,1,7,0.005351228857040405,0.4286
0,1,8,0.005849249291419983,0.4315
0,1,9,0.006026922512054444,0.4211
0,1,10,0.006392683863639831,0.4061
0,1,11,0.006244762372970581,0.4083
0,1,12,0.005700552296638489,0.4343
0,1,13,0.006010976886749267,0.4352
0,1,14,0.005971238970756531,0.4453
0,1,15,0.006299435305595398,0.4192
0,1,16,0.006180229902267456,0.4494
0,1,17,0.006257144975662232,0.4363
0,1,18,0.006197904181480408,0.4584
0,1,19,0.0060995866060256955,0.4489
0,1,20,0.006256444549560547,0.4595
0,1,21,0.006232077479362488,0.454
0,1,22,0.006181603240966797,0.4648
0,1,23,0.005996751761436462,0.4674
0,1,24,0.006245479607582092,0.4596
0,1,25,0.006293939375877381,0.4643
0,1,26,0.006426916360855102,0.4656
0,1,27,0.006323067331314087,0.4721
0,1,28,0.0066379631519317625,0.4682
0,1,29,0.006542445707321167,0.4744
0,1,30,0.0071020936012268065,0.4481
0,1,31,0.006953584814071655,0.4456
0,1,32,0.006747043442726136,0.4592
0,1,33,0.007131932377815247,0.4276
0,1,34,0.006802956318855286,0.4438
0,1,35,0.006757284665107727,0.4543
0,1,36,0.006987069272994995,0.419
0,1,37,0.007151547741889953,0.4408
0,1,38,0.007772958517074585,0.422
0,1,39,0.007064478468894958,0.4421
0,1,40,0.00660250117778778,0.439
0,1,41,0.0069267193078994755,0.4413
0,1,42,0.006376943445205689,0.4595
0,1,43,0.006679432916641235,0.4639
0,1,44,0.0070101166486740115,0.4587
0,1,45,0.006759984588623047,0.4624
0,1,46,0.006437397313117981,0.4653
0,1,47,0.006462232780456543,0.4673
0,1,48,0.006408995699882508,0.4661
0,1,49,0.00630078866481781,0.482
1,1,0,0.02384023666381836,0.1332
1,1,1,0.006004864239692688,0.299
1,1,2,0.0035181477069854738,0.4378
1,1,3,0.0035294735670089723,0.4405
1,1,4,0.003672467005252838,0.4625
1,1,5,0.004157900881767273,0.4439
1,1,6,0.004565809273719788,0.4649
1,1,7,0.0047126641988754275,0.4726
1,1,8,0.004926624488830566,0.4725
1,1,9,0.0051017250776290895,0.4759
1,1,10,0.005308623909950256,0.4764
1,1,11,0.005413539719581604,0.4728
1,1,12,0.0060152339220047,0.4505
1,1,13,0.005619968485832214,0.4672
1,1,14,0.00570739951133728,0.4648
1,1,15,0.0058165452718734745,0.4456
1,1,16,0.006037185907363892,0.4436
1,1,17,0.007297937059402466,0.3931
1,1,18,0.005973472666740418,0.4342
1,1,19,0.007844935059547425,0.3664
1,1,20,0.005734796214103699,0.4435
1,1,21,0.006001516437530517,0.4514
1,1,22,0.005644480895996094,0.4688
1,1,23,0.005421571397781372,0.4691
1,1,24,0.005364090251922607,0.4849
1,1,25,0.0055191997766494754,0.4754
1,1,26,0.005660682773590088,0.4842
1,1,27,0.005642807483673096,0.4894
1,1,28,0.005591204333305359,0.4896
1,1,29,0.005674412894248962,0.4935
1,1,30,0.005655374717712402,0.4958
1,1,31,0.0056664097785949705,0.4958
1,1,32,0.0056593225240707395,0.4957
1,1,33,0.005655433583259583,0.4963
1,1,34,0.005651440191268921,0.4973
1,1,35,0.00564493248462677,0.4979
1,1,36,0.005649802160263061,0.4989
1,1,37,0.005648603510856628,0.4992
1,1,38,0.005649354314804077,0.4991
1,1,39,0.005651099419593811,0.4996
1,1,40,0.005655445051193237,0.4992
1,1,41,0.00566376314163208,0.4998
1,1,42,0.005666230249404907,0.4996
1,1,43,0.005671557641029358,0.4994
1,1,44,0.00567432267665863,0.4995
1,1,45,0.005682419180870056,0.4999
1,1,46,0.005685788321495056,0.4996
1,1,47,0.005687914156913758,0.5003
1,1,48,0.005694703841209412,0.5004
1,1,49,0.005700019931793213,0.5001
2,1,0,0.009493181180953979,0.2362
2,1,1,0.003910135626792908,0.3908
2,1,2,0.0034461495876312257,0.4499
2,1,3,0.0035740371108055114,0.4335
2,1,4,0.0038860756039619444,0.4368
2,1,5,0.004207906126976013,0.4412
2,1,6,0.004626995182037353,0.448
2,1,7,0.005050443840026855,0.4485
2,1,8,0.005286705803871155,0.4478
2,1,9,0.005707402610778809,0.4576
2,1,10,0.005731106400489807,0.4449
2,1,11,0.006213321971893311,0.426
2,1,12,0.007054721713066101,0.3758
2,1,13,0.006101245236396789,0.4216
2,1,14,0.00583359272480011,0.4277
2,1,15,0.0058673719882965086,0.4349
2,1,16,0.0059916201114654545,0.4454
2,1,17,0.006070747232437133,0.4299
2,1,18,0.006609177899360657,0.4122
2,1,19,0.005841234278678894,0.4532
2,1,20,0.005853913831710815,0.4584
2,1,21,0.005969918394088745,0.4661
2,1,22,0.0061768435955047605,0.4549
2,1,23,0.005936805152893066,0.4661
2,1,24,0.0059628702402114864,0.477
2,1,25,0.006159610104560852,0.4636
2,1,26,0.00608471302986145,0.4717
2,1,27,0.006011691951751709,0.4759
2,1,28,0.005993558144569397,0.4781
2,1,29,0.005981844663619995,0.4768
2,1,30,0.005980665397644043,0.4789
2,1,31,0.005992383551597595,0.4784
2,1,32,0.0059927536487579345,0.479
2,1,33,0.0059993922710418705,0.4793
2,1,34,0.005998259973526001,0.4806
2,1,35,0.0060094808101654055,0.4819
2,1,36,0.00601413140296936,0.4818
2,1,37,0.006017451763153076,0.4821
2,1,38,0.006025700736045837,0.4827
2,1,39,0.006029239177703857,0.4821
2,1,40,0.006039541935920716,0.4821
2,1,41,0.00604328441619873,0.4824
2,1,42,0.0060472664356231685,0.4828
2,1,43,0.006050917387008667,0.4826
2,1,44,0.0060572284460067745,0.4827
2,1,45,0.006064751148223877,0.4836
2,1,46,0.006073912858963013,0.4835
2,1,47,0.006080706644058228,0.4832
2,1,48,0.006081220197677612,0.483
2,1,49,0.006078036570549011,0.4842
3,1,0,0.013046039772033691,0.1729
3,1,1,0.004628926587104797,0.3579
3,1,2,0.0032634568095207214,0.4615
3,1,3,0.0037311471223831177,0.4102
3,1,4,0.0038562214136123657,0.4518
3,1,5,0.004422328925132751,0.4354
3,1,6,0.004820174336433411,0.4457
3,1,7,0.005131982398033142,0.4452
3,1,8,0.0052404266357421875,0.4567
3,1,9,0.00524766788482666,0.4675
3,1,10,0.005482845520973206,0.4541
3,1,11,0.005329916548728943,0.471
3,1,12,0.005571655201911926,0.4619
3,1,13,0.0055591271877288816,0.4618
3,1,14,0.005894158673286438,0.4587
3,1,15,0.005963052940368653,0.4456
3,1,16,0.00606359076499939,0.4508
3,1,17,0.006286728501319885,0.4447
3,1,18,0.007219303178787231,0.3952
3,1,19,0.0058349331855773925,0.4505
3,1,20,0.005781200766563415,0.4241
3,1,21,0.005839102673530578,0.4254
3,1,22,0.005842494702339172,0.4338
3,1,23,0.00527351758480072,0.4715
3,1,24,0.005294655394554138,0.4684
3,1,25,0.00545433509349823,0.4779
3,1,26,0.005482365322113037,0.484
3,1,27,0.005512314915657043,0.4879
3,1,28,0.005537487530708313,0.4984
3,1,29,0.005491284584999085,0.4967
3,1,30,0.005494047737121582,0.498
3,1,31,0.005491822409629822,0.4982
3,1,32,0.005485593414306641,0.4992
3,1,33,0.005485497760772705,0.5013
3,1,34,0.005487913274765015,0.5016
3,1,35,0.005491018390655518,0.5014
3,1,36,0.005500745820999146,0.5024
3,1,37,0.005502671337127686,0.5024
3,1,38,0.005506389594078064,0.5035
3,1,39,0.005514856386184692,0.503
3,1,40,0.005521558022499084,0.504
3,1,41,0.0055279064655303954,0.5041
3,1,42,0.005535692548751831,0.5042
3,1,43,0.005538221526145935,0.5038
3,1,44,0.00554374852180481,0.5043
3,1,45,0.005549332666397094,0.5047
3,1,46,0.005553081607818603,0.5046
3,1,47,0.005564174580574036,0.5049
3,1,48,0.005567468690872193,0.5051
3,1,49,0.0055732463598251345,0.5053
4,1,0,0.004092409610748291,0.2658
4,1,1,0.004112781691551209,0.24
4,1,2,0.003946501863002777,0.3137
4,1,3,0.004146310019493103,0.3866
4,1,4,0.004689727234840393,0.4002
4,1,5,0.005259325766563416,0.415
4,1,6,0.005439092516899109,0.4205
4,1,7,0.005348661422729492,0.4193
4,1,8,0.0062403463125228886,0.3898
4,1,9,0.005970124435424805,0.4107
4,1,10,0.006657085990905762,0.3883
4,1,11,0.006738258624076844,0.3763
4,1,12,0.006540255498886109,0.393
4,1,13,0.006529683899879455,0.4027
4,1,14,0.006493349575996399,0.4186
4,1,15,0.005975143027305603,0.4301
4,1,16,0.006227814269065857,0.4265
4,1,17,0.006139503836631775,0.4392
4,1,18,0.005991362547874451,0.4455
4,1,19,0.0067504713535308835,0.431
4,1,20,0.006252123761177063,0.4429
4,1,21,0.006203688859939575,0.4424
4,1,22,0.006035582852363586,0.4528
4,1,23,0.006107019066810608,0.4474
4,1,24,0.00618219096660614,0.4471
4,1,25,0.0060641009092330935,0.459
4,1,26,0.006069308185577393,0.4578
4,1,27,0.0060564344882965086,0.4651
4,1,28,0.006091866087913513,0.4658
4,1,29,0.00602470669746399,0.4683
4,1,30,0.006048114061355591,0.4679
4,1,31,0.006039033603668213,0.4691
4,1,32,0.0060267395973205564,0.4704
4,1,33,0.006022556447982788,0.4715
4,1,34,0.006023090744018554,0.4709
4,1,35,0.006021813535690307,0.4708
4,1,36,0.006023913431167602,0.4713
4,1,37,0.00602874276638031,0.4714
4,1,38,0.006029883861541748,0.4709
4,1,39,0.006028298234939575,0.4717
4,1,40,0.006027153491973877,0.471
4,1,41,0.006034668636322021,0.4715
4,1,42,0.006036518979072571,0.4713
4,1,43,0.0060387636184692384,0.4711
4,1,44,0.0060425123453140255,0.4716
4,1,45,0.006044747424125672,0.4719
4,1,46,0.006049772405624389,0.4717
4,1,47,0.006048258233070374,0.4723
4,1,48,0.006051114535331726,0.4725
4,1,49,0.006056417536735535,0.4728
0,2,0,0.004883602166175842,0.4083
0,2,1,0.0030918558478355406,0.4908
0,2,2,0.0029967391967773436,0.5129
0,2,3,0.0033286478996276854,0.4955
0,2,4,0.003599847936630249,0.5196
0,2,5,0.004035230827331543,0.5191
0,2,6,0.004292702889442444,0.5373
0,2,7,0.004769235897064209,0.5374
0,2,8,0.004913557076454162,0.5236
0,2,9,0.004999608898162842,0.5296
0,2,10,0.0054539993047714235,0.5112
0,2,11,0.005482674813270569,0.5079
0,2,12,0.0055331839084625245,0.4903
0,2,13,0.005730674695968628,0.4667
0,2,14,0.004946069025993347,0.5023
0,2,15,0.00496722674369812,0.507
0,2,16,0.004782104182243347,0.5279
0,2,17,0.0047089111328125,0.5353
0,2,18,0.004818419981002808,0.5341
0,2,19,0.004943635058403015,0.5533
0,2,20,0.004998150253295899,0.5465
0,2,21,0.004994610857963562,0.553
0,2,22,0.005019957828521729,0.5575
0,2,23,0.0050494132995605465,0.5588
0,2,24,0.005059382343292236,0.5589
0,2,25,0.005085559511184693,0.5594
0,2,26,0.0051008694410324094,0.5607
0,2,27,0.005121396708488464,0.56
0,2,28,0.005127729749679565,0.5606
0,2,29,0.005139165496826172,0.5602
0,2,30,0.005152514362335205,0.5606
0,2,31,0.005167713737487793,0.5608
0,2,32,0.005171104121208191,0.5605
0,2,33,0.005178223323822021,0.5608
0,2,34,0.005196119332313538,0.5609
0,2,35,0.005203841209411621,0.5596
0,2,36,0.005218151950836181,0.5599
0,2,37,0.0052180920839309695,0.5607
0,2,38,0.0052308655261993405,0.5612
0,2,39,0.005239879226684571,0.5612
0,2,40,0.00524683313369751,0.5607
0,2,41,0.005256476449966431,0.5616
0,2,42,0.005267192220687866,0.5621
0,2,43,0.005273711729049683,0.5613
0,2,44,0.005285155487060547,0.5619
0,2,45,0.005289551615715027,0.5617
0,2,46,0.005303094387054444,0.5618
0,2,47,0.005313500690460205,0.5621
0,2,48,0.005319201111793518,0.5616
0,2,49,0.005323808574676514,0.5602
1,2,0,0.0038377697229385376,0.2951
1,2,1,0.0033334866881370544,0.3888
1,2,2,0.0033119444489479065,0.4406
1,2,3,0.004226720690727234,0.4221
1,2,4,0.004152368378639222,0.4525
1,2,5,0.00521769323348999,0.4144
1,2,6,0.005055942010879517,0.4318
1,2,7,0.005181662058830261,0.4299
1,2,8,0.005006150603294373,0.4697
1,2,9,0.005274276542663574,0.4654
1,2,10,0.005469255495071411,0.4427
1,2,11,0.005376780366897583,0.4626
1,2,12,0.005971901559829712,0.4566
1,2,13,0.005819843101501465,0.4453
1,2,14,0.005686337399482727,0.463
1,2,15,0.00637439513206482,0.4372
1,2,16,0.005739583873748779,0.4753
1,2,17,0.005725475263595581,0.4801
1,2,18,0.00575649266242981,0.4777
1,2,19,0.006062603735923767,0.473
1,2,20,0.00574300582408905,0.4947
1,2,21,0.006277403283119202,0.4514
1,2,22,0.00593236391544342,0.4881
1,2,23,0.00589211847782135,0.4903
1,2,24,0.005999792242050171,0.4848
1,2,25,0.005966637825965881,0.4888
1,2,26,0.006077739834785462,0.4799
1,2,27,0.006367543411254882,0.466
1,2,28,0.006122099113464356,0.4903
1,2,29,0.006137137269973755,0.4876
1,2,30,0.006335575270652771,0.4949
1,2,31,0.006488551902770996,0.4849
1,2,32,0.006232817387580872,0.4792
1,2,33,0.006534608006477356,0.4782
1,2,34,0.006518310475349426,0.4707
1,2,35,0.0066734468698501585,0.4787
1,2,36,0.006702754926681519,0.4562
1,2,37,0.006399969983100891,0.4678
1,2,38,0.006572955179214478,0.4632
1,2,39,0.0060065891504287715,0.48
1,2,40,0.005966554427146911,0.5001
1,2,41,0.005834158945083618,0.5022
1,2,42,0.005672516369819641,0.511
1,2,43,0.005746000671386719,0.5115
1,2,44,0.005697557950019836,0.5173
1,2,45,0.005777116417884826,0.5165
1,2,46,0.005760146808624267,0.519
1,2,47,0.00569720630645752,0.5244
1,2,48,0.005761987090110779,0.5168
1,2,49,0.005743459224700927,0.524
2,2,0,0.00690025429725647,0.34
2,2,1,0.0030467832922935487,0.4864
2,2,2,0.0029258365154266356,0.5065
2,2,3,0.003044316267967224,0.5064
2,2,4,0.003535903251171112,0.4974
2,2,5,0.004056346952915192,0.5125
2,2,6,0.004425365686416626,0.5227
2,2,7,0.004852747082710266,0.5135
2,2,8,0.005439267873764038,0.4904
2,2,9,0.0053033315181732175,0.4845
2,2,10,0.005717260670661926,0.4693
2,2,11,0.005390949583053589,0.4929
2,2,12,0.005514962887763977,0.4826
2,2,13,0.005252904081344605,0.5111
2,2,14,0.004992445921897888,0.5121
2,2,15,0.005070170331001282,0.5235
2,2,16,0.005061004996299743,0.5238
2,2,17,0.005185233283042908,0.5237
2,2,18,0.005381077551841736,0.5238
2,2,19,0.005231582117080688,0.5289
2,2,20,0.005496049523353577,0.5312
2,2,21,0.00569409773349762,0.53
2,2,22,0.005477463912963867,0.529
2,2,23,0.005569660258293152,0.5281
2,2,24,0.00545528974533081,0.5341
2,2,25,0.005739728355407715,0.53
2,2,26,0.006089087533950805,0.5154
2,2,27,0.005890740251541138,0.5143
2,2,28,0.006491601252555847,0.4963
2,2,29,0.006447169804573059,0.5098
2,2,30,0.00646488573551178,0.5078
2,2,31,0.0063596985578536986,0.5052
2,2,32,0.006637392258644104,0.4678
2,2,33,0.005918005847930908,0.4855
2,2,34,0.0051552666425704954,0.509
2,2,35,0.004994071555137634,0.5222
2,2,36,0.005061167860031128,0.5193
2,2,37,0.005071821975708008,0.5304
2,2,38,0.005115658688545227,0.5355
2,2,39,0.005170564556121826,0.5394
2,2,40,0.005171995186805725,0.5458
2,2,41,0.005191076946258545,0.5492
2,2,42,0.005201454520225525,0.5514
2,2,43,0.005207961416244506,0.5507
2,2,44,0.005205371379852295,0.5513
2,2,45,0.005213453269004822,0.5522
2,2,46,0.005220983171463012,0.5522
2,2,47,0.005228359699249268,0.5525
2,2,48,0.005238946533203125,0.5521
2,2,49,0.005248422837257385,0.5523
3,2,0,0.004006418883800506,0.2445
3,2,1,0.0038067450761795044,0.3532
3,2,2,0.003366986703872681,0.4453
3,2,3,0.0038894554257392884,0.4476
3,2,4,0.004458854603767395,0.4298
3,2,5,0.004661713337898254,0.4629
3,2,6,0.005114814853668213,0.4448
3,2,7,0.005252918696403503,0.4583
3,2,8,0.005572706866264343,0.4495
3,2,9,0.0055395348787307735,0.4464
3,2,10,0.005233603096008301,0.4595
3,2,11,0.00557770299911499,0.4582
3,2,12,0.0054159836769104,0.4665
3,2,13,0.005435095858573913,0.4702
3,2,14,0.00559074387550354,0.4814
3,2,15,0.005540354251861572,0.4782
3,2,16,0.005734636950492859,0.4638
3,2,17,0.005604376792907715,0.4717
3,2,18,0.006243256974220276,0.4672
3,2,19,0.005898914003372192,0.4639
3,2,20,0.005970272064208984,0.4676
3,2,21,0.0061014803171157836,0.4792
3,2,22,0.0064032817602157595,0.4679
3,2,23,0.006394262647628784,0.4553
3,2,24,0.0059678127527236936,0.4701
3,2,25,0.006068828082084656,0.4726
3,2,26,0.005900598049163818,0.4865
3,2,27,0.006079245042800903,0.4817
3,2,28,0.006019345331192016,0.4865
3,2,29,0.005934098649024964,0.492
3,2,30,0.006163156127929687,0.4867
3,2,31,0.00609762761592865,0.4973
3,2,32,0.005973036599159241,0.5001
3,2,33,0.0058775132417678835,0.5099
3,2,34,0.0060590904712677,0.5118
3,2,35,0.005895549058914184,0.5027
3,2,36,0.006088904857635498,0.501
3,2,37,0.005888586544990539,0.5036
3,2,38,0.006193356037139892,0.5026
3,2,39,0.006324918985366822,0.5113
3,2,40,0.006207381153106689,0.5053
3,2,41,0.006431366729736328,0.4917
3,2,42,0.00659456729888916,0.4938
3,2,43,0.006669056296348572,0.4875
3,2,44,0.006631510496139526,0.4865
3,2,45,0.006704064249992371,0.4753
3,2,46,0.007150839686393738,0.4662
3,2,47,0.007006826710700988,0.4552
3,2,48,0.007809316515922546,0.4376
3,2,49,0.00754526903629303,0.4299
4,2,0,0.005535812878608703,0.3455
4,2,1,0.0030848872542381285,0.4793
4,2,2,0.003051817786693573,0.492
4,2,3,0.0032515018701553345,0.4922
4,2,4,0.0035169610738754273,0.5019
4,2,5,0.003887760305404663,0.5223
4,2,6,0.0043050738334655765,0.5172
4,2,7,0.004731964588165283,0.4961
4,2,8,0.004740366506576538,0.5116
4,2,9,0.0050074606895446775,0.5033
4,2,10,0.00549290075302124,0.4786
4,2,11,0.005847716665267944,0.4709
4,2,12,0.005501821780204773,0.4794
4,2,13,0.005101150012016296,0.4904
4,2,14,0.004596172833442688,0.4988
4,2,15,0.004655132746696472,0.4962
4,2,16,0.00473420684337616,0.5266
4,2,17,0.004691848468780517,0.528
4,2,18,0.004973270773887635,0.5207
4,2,19,0.00502103259563446,0.5257
4,2,20,0.005058404922485352,0.5286
4,2,21,0.005025476646423339,0.536
4,2,22,0.005032628870010376,0.5382
4,2,23,0.005033680868148803,0.5393
4,2,24,0.005053538346290588,0.5407
4,2,25,0.005053981924057007,0.5418
4,2,26,0.00506360719203949,0.543
4,2,27,0.005078713011741638,0.5422
4,2,28,0.005088949728012085,0.5426
4,2,29,0.0050970349788665775,0.5446
4,2,30,0.005106120133399963,0.5444
4,2,31,0.005120438838005066,0.5439
4,2,32,0.0051264323711395264,0.5444
4,2,33,0.005135622882843018,0.5442
4,2,34,0.00513975920677185,0.544
4,2,35,0.005151957273483276,0.5448
4,2,36,0.005170204877853394,0.544
4,2,37,0.005168219900131226,0.544
4,2,38,0.005177561521530151,0.5438
4,2,39,0.005182033586502075,0.5437
4,2,40,0.005191876149177551,0.5444
4,2,41,0.005200251650810242,0.545
4,2,42,0.005201185321807861,0.5444
4,2,43,0.005214666962623596,0.5461
4,2,44,0.005223048448562622,0.5454
4,2,45,0.0052249505996704105,0.5466
4,2,46,0.005231565403938293,0.5452
4,2,47,0.005233848094940185,0.546
4,2,48,0.005244864010810852,0.5461
4,2,49,0.005248401403427124,0.5467
0,3,0,0.0037181138277053833,0.3169
0,3,1,0.0030770657062530516,0.4465
0,3,2,0.0032619735598564147,0.4721
0,3,3,0.0037496567726135253,0.4454
0,3,4,0.004191566932201385,0.4835
0,3,5,0.004689673447608947,0.458
0,3,6,0.004846995711326599,0.4602
0,3,7,0.005133816146850586,0.4791
0,3,8,0.004746824836730957,0.4927
0,3,9,0.005266810774803162,0.4802
0,3,10,0.0050212839365005495,0.5148
0,3,11,0.0052182841300964355,0.4781
0,3,12,0.005280487966537475,0.5039
0,3,13,0.005205914187431335,0.506
0,3,14,0.00563299834728241,0.4914
0,3,15,0.005466824388504028,0.5082
0,3,16,0.0060693184375762935,0.4952
0,3,17,0.0063574889183044435,0.4908
0,3,18,0.0056673380136489865,0.5003
0,3,19,0.006849971580505371,0.456
0,3,20,0.005734780168533325,0.4876
0,3,21,0.005765584659576416,0.4835
0,3,22,0.005374633407592773,0.5105
0,3,23,0.005030197215080261,0.5249
0,3,24,0.0052488914489746095,0.5332
0,3,25,0.005274992036819458,0.5367
0,3,26,0.005424906826019287,0.5345
0,3,27,0.005365823268890381,0.5432
0,3,28,0.005247726106643677,0.5516
0,3,29,0.0052651846647262576,0.5476
0,3,30,0.0052882549524307255,0.5491
0,3,31,0.005286832284927368,0.5507
0,3,32,0.005274565315246582,0.5516
0,3,33,0.005279239320755005,0.5518
0,3,34,0.005285542845726013,0.5515
0,3,35,0.005284317994117737,0.5513
0,3,36,0.0052854793071746824,0.5516
0,3,37,0.005284520888328552,0.552
0,3,38,0.0052924782991409305,0.5525
0,3,39,0.005296201133728027,0.5537
0,3,40,0.0053100972175598145,0.5542
0,3,41,0.005322046136856079,0.5534
0,3,42,0.005319034457206726,0.554
0,3,43,0.005328583455085754,0.5536
0,3,44,0.005324672365188599,0.554
0,3,45,0.005329766058921814,0.5539
0,3,46,0.005335384345054627,0.5555
0,3,47,0.005347022175788879,0.5542
0,3,48,0.00535268063545227,0.5552
0,3,49,0.0053520121335983275,0.5546
1,3,0,0.0036902857422828673,0.4471
1,3,1,0.0027119851350784303,0.5378
1,3,2,0.0029996573209762575,0.5259
1,3,3,0.0031119576454162598,0.5474
1,3,4,0.0035741135597229003,0.5525
1,3,5,0.004061010015010834,0.555
1,3,6,0.004296093153953552,0.563
1,3,7,0.004505938458442688,0.5537
1,3,8,0.004996986842155457,0.5565
1,3,9,0.005174055051803589,0.5168
1,3,10,0.0055970555782318115,0.5038
1,3,11,0.0048978949785232545,0.5143
1,3,12,0.00429645870923996,0.5503
1,3,13,0.004233697175979614,0.5563
1,3,14,0.004558587670326233,0.5543
1,3,15,0.004630046105384826,0.5648
1,3,16,0.004618014407157898,0.5682
1,3,17,0.004642881989479065,0.5766
1,3,18,0.0046648537874221805,0.5817
1,3,19,0.004711568355560303,0.5777
1,3,20,0.004750559806823731,0.5796
1,3,21,0.0047594764232635495,0.5821
1,3,22,0.0047663290739059444,0.5829
1,3,23,0.004769213151931763,0.5832
1,3,24,0.0047788113594055175,0.5831
1,3,25,0.00478849561214447,0.5828
1,3,26,0.004804105758666992,0.5836
1,3,27,0.004811083173751831,0.583
1,3,28,0.004826864075660705,0.5831
1,3,29,0.00484159095287323,0.5832
1,3,30,0.004844392538070679,0.5846
1,3,31,0.004855975031852722,0.5829
1,3,32,0.0048629973649978635,0.5847
1,3,33,0.004869689321517944,0.583
1,3,34,0.004878999280929565,0.5842
1,3,35,0.004889795684814453,0.5846
1,3,36,0.004900201845169067,0.5843
1,3,37,0.004908101129531861,0.5846
1,3,38,0.004915471601486206,0.584
1,3,39,0.004922695899009705,0.584
1,3,40,0.00493377161026001,0.5847
1,3,41,0.004936601066589355,0.5845
1,3,42,0.004946975898742676,0.5847
1,3,43,0.0049540464162826535,0.5844
1,3,44,0.004962298488616943,0.5853
1,3,45,0.0049704156637191774,0.5847
1,3,46,0.0049794476747512815,0.5854
1,3,47,0.004992756938934326,0.5844
1,3,48,0.005000020837783814,0.5843
1,3,49,0.005010246133804321,0.5853
2,3,0,0.004439374113082885,0.239
2,3,1,0.003497911834716797,0.4007
2,3,2,0.0030245351433753967,0.4864
2,3,3,0.003339361751079559,0.4945
2,3,4,0.004134579300880432,0.4674
2,3,5,0.004298591327667236,0.4782
2,3,6,0.004827431297302246,0.4726
2,3,7,0.004521205925941467,0.4976
2,3,8,0.005064329719543457,0.4908
2,3,9,0.004786173033714295,0.5
2,3,10,0.004785922026634216,0.515
2,3,11,0.005264923501014709,0.4935
2,3,12,0.005258967423439026,0.4976
2,3,13,0.00508645532131195,0.5047
2,3,14,0.005238590025901794,0.5114
2,3,15,0.005352445554733277,0.4982
2,3,16,0.005465363883972168,0.5194
2,3,17,0.00539570825099945,0.5187
2,3,18,0.005421506810188294,0.5121
2,3,19,0.005449574851989746,0.5087
2,3,20,0.005439705181121826,0.5031
2,3,21,0.005302702069282531,0.509
2,3,22,0.005265028524398804,0.5205
2,3,23,0.005356814932823181,0.5316
2,3,24,0.005372231721878052,0.5203
2,3,25,0.0053440169811248776,0.5356
2,3,26,0.005530922150611878,0.5347
2,3,27,0.005596204876899719,0.5345
2,3,28,0.005398093843460083,0.5376
2,3,29,0.0053439462661743166,0.5432
2,3,30,0.005497712182998657,0.5469
2,3,31,0.0055886887550354,0.5468
2,3,32,0.005559627079963684,0.5523
2,3,33,0.005544124960899353,0.5501
2,3,34,0.005555086278915405,0.5478
2,3,35,0.005538585233688355,0.5491
2,3,36,0.005526641511917114,0.5504
2,3,37,0.005524778509140015,0.5519
2,3,38,0.005535472893714905,0.5529
2,3,39,0.0055265740156173705,0.5538
2,3,40,0.005530374097824096,0.5537
2,3,41,0.0055404054403305055,0.5537
2,3,42,0.005538464045524597,0.5535
2,3,43,0.0055491954326629634,0.5534
2,3,44,0.005545473599433899,0.5536
2,3,45,0.0055486472368240355,0.5551
2,3,46,0.005559534525871277,0.5549
2,3,47,0.005560755157470703,0.555
2,3,48,0.005559227776527405,0.5544
2,3,49,0.005567383074760437,0.555
3,3,0,0.004293515729904175,0.2472
3,3,1,0.0033807950735092163,0.3902
3,3,2,0.003381153094768524,0.4574
3,3,3,0.0037034470319747925,0.4638
3,3,4,0.004206106805801392,0.4566
3,3,5,0.004409550929069519,0.4742
3,3,6,0.004935742735862732,0.4413
3,3,7,0.0049789042234420775,0.4562
3,3,8,0.005619796776771545,0.4633
3,3,9,0.005331440186500549,0.4592
3,3,10,0.004772638058662414,0.5003
3,3,11,0.005403505110740662,0.4906
3,3,12,0.00500468373298645,0.4996
3,3,13,0.005353391432762146,0.494
3,3,14,0.005609116768836975,0.4892
3,3,15,0.0056852226972579955,0.4851
3,3,16,0.00556384084224701,0.4794
3,3,17,0.00596710045337677,0.4632
3,3,18,0.0055727123975753785,0.4859
3,3,19,0.005800737762451172,0.4845
3,3,20,0.005368738102912903,0.4929
3,3,21,0.005339688491821289,0.5142
3,3,22,0.005752473855018616,0.4989
3,3,23,0.006001813530921936,0.494
3,3,24,0.005425721716880798,0.5139
3,3,25,0.0054756095170974736,0.5096
3,3,26,0.005957179284095764,0.5136
3,3,27,0.005562953615188599,0.5132
3,3,28,0.0058989253044128415,0.5094
3,3,29,0.005601952528953552,0.5166
3,3,30,0.005605663061141968,0.5319
3,3,31,0.0058119213581085205,0.5256
3,3,32,0.00586016743183136,0.5254
3,3,33,0.005979386758804321,0.5226
3,3,34,0.006029136729240417,0.5168
3,3,35,0.006138063788414002,0.5119
3,3,36,0.006269993185997009,0.5078
3,3,37,0.006226675176620483,0.4955
3,3,38,0.006309448432922363,0.4932
3,3,39,0.006906855201721192,0.4548
3,3,40,0.0062843709707260135,0.478
3,3,41,0.006273612356185913,0.4756
3,3,42,0.005746349835395813,0.4877
3,3,43,0.0057997414112091064,0.5026
3,3,44,0.005759753823280335,0.5097
3,3,45,0.00552552502155304,0.524
3,3,46,0.005451457190513611,0.5331
3,3,47,0.005403351068496704,0.5283
3,3,48,0.005501266646385193,0.5284
3,3,49,0.005477641081809997,0.5354
4,3,0,0.004432329845428466,0.2197
4,3,1,0.0033310914278030395,0.4062
4,3,2,0.0032482917308807374,0.4717
4,3,3,0.0037530378222465515,0.4572
4,3,4,0.003910507702827454,0.4794
4,3,5,0.004504721784591675,0.462
4,3,6,0.004384544861316681,0.4867
4,3,7,0.004471994936466217,0.4893
4,3,8,0.004752738356590271,0.4878
4,3,9,0.004869509196281433,0.481
4,3,10,0.005161176824569702,0.4755
4,3,11,0.005252515959739685,0.4909
4,3,12,0.005332649731636047,0.4975
4,3,13,0.005123188829421997,0.4958
4,3,14,0.005504284238815308,0.4933
4,3,15,0.005352947926521301,0.4942
4,3,16,0.005590266036987305,0.4995
4,3,17,0.005291385674476624,0.5118
4,3,18,0.005343722128868103,0.5036
4,3,19,0.005444088840484619,0.5175
4,3,20,0.005335766482353211,0.5325
4,3,21,0.005414651966094971,0.5116
4,3,22,0.0053619895219802855,0.5231
4,3,23,0.00575435528755188,0.5171
4,3,24,0.005977125144004822,0.4974
4,3,25,0.005672092413902282,0.5103
4,3,26,0.0059495185375213625,0.509
4,3,27,0.005671610832214355,0.5173
4,3,28,0.00563345377445221,0.5102
4,3,29,0.005676415634155273,0.5136
4,3,30,0.005716024088859558,0.5261
4,3,31,0.00560040078163147,0.5264
4,3,32,0.005487751841545105,0.5322
4,3,33,0.005701805281639099,0.5274
4,3,34,0.005637058520317078,0.5306
4,3,35,0.005759582924842834,0.5266
4,3,36,0.005816539907455444,0.5364
4,3,37,0.0059655499696731566,0.5294
4,3,38,0.005980746936798096,0.522
4,3,39,0.005925498008728027,0.5331
4,3,40,0.005939782118797302,0.5216
4,3,41,0.00617396354675293,0.5164
4,3,42,0.006209416580200195,0.5265
4,3,43,0.005983066749572754,0.5134
4,3,44,0.006070106816291809,0.5044
4,3,45,0.006272456645965576,0.5021
4,3,46,0.00591075747013092,0.5134
4,3,47,0.006138419532775879,0.4955
4,3,48,0.006091681337356567,0.5015
4,3,49,0.005961845588684082,0.5056
0,4,0,0.003969150817394257,0.2858
0,4,1,0.0031549599170684816,0.4392
0,4,2,0.0031201523184776307,0.4724
0,4,3,0.003521762192249298,0.4705
0,4,4,0.003675315320491791,0.4787
0,4,5,0.004984762406349182,0.4462
0,4,6,0.004343272113800049,0.4922
0,4,7,0.0047440212726593016,0.4945
0,4,8,0.004686725807189942,0.4853
0,4,9,0.004729655146598816,0.5063
0,4,10,0.004731218838691711,0.5025
0,4,11,0.004942475080490112,0.5112
0,4,12,0.005082458686828613,0.513
0,4,13,0.005195913910865784,0.5161
0,4,14,0.005366326594352722,0.5224
0,4,15,0.00531642518043518,0.5104
0,4,16,0.005444755530357361,0.5157
0,4,17,0.005788931488990783,0.497
0,4,18,0.005198221826553345,0.5151
0,4,19,0.005279943943023681,0.5145
0,4,20,0.005026017737388611,0.524
0,4,21,0.005161488151550293,0.5284
0,4,22,0.0051130415439605715,0.5427
0,4,23,0.005272839212417602,0.5383
0,4,24,0.005423424625396729,0.5355
0,4,25,0.005322639560699463,0.5446
0,4,26,0.005480418348312378,0.5391
0,4,27,0.005459709358215332,0.547
0,4,28,0.005611188578605652,0.5384
0,4,29,0.00565673155784607,0.5393
0,4,30,0.005994020295143127,0.532
0,4,31,0.005786838936805725,0.546
0,4,32,0.005941497230529785,0.5398
0,4,33,0.006042538404464721,0.5154
0,4,34,0.006894051027297974,0.4904
0,4,35,0.006616402792930603,0.4789
0,4,36,0.0057948519706726076,0.5057
0,4,37,0.005396563649177551,0.5237
0,4,38,0.005122669625282288,0.5399
0,4,39,0.005065597820281983,0.5491
0,4,40,0.005124240112304688,0.5469
0,4,41,0.005200713539123535,0.559
0,4,42,0.005148008632659912,0.5662
0,4,43,0.005118933796882629,0.5676
0,4,44,0.0051149095058441165,0.5708
0,4,45,0.005139092135429383,0.5698
0,4,46,0.005145842099189758,0.5708
0,4,47,0.005156328177452088,0.5697
0,4,48,0.005164799404144287,0.5693
0,4,49,0.005173172187805176,0.5721
1,4,0,0.003022616183757782,0.5309
1,4,1,0.002310203778743744,0.6037
1,4,2,0.0024751512765884397,0.6109
1,4,3,0.0028999332308769226,0.5984
1,4,4,0.00328536411523819,0.6033
1,4,5,0.0036282222867012022,0.6114
1,4,6,0.003937411642074585,0.602
1,4,7,0.003948508608341217,0.6068
1,4,8,0.004616805326938629,0.5714
1,4,9,0.004777551341056824,0.5674
1,4,10,0.004474059176445007,0.5584
1,4,11,0.00367912700176239,0.566
1,4,12,0.0036288642048835753,0.592
1,4,13,0.0037451802611351013,0.6117
1,4,14,0.0038151561617851258,0.6105
1,4,15,0.003986356949806214,0.6201
1,4,16,0.003980780529975891,0.6213
1,4,17,0.003989381575584412,0.6233
1,4,18,0.004034649705886841,0.6246
1,4,19,0.004048472511768341,0.6248
1,4,20,0.004078796994686127,0.625
1,4,21,0.004088124215602874,0.6248
1,4,22,0.00409809639453888,0.626
1,4,23,0.004121949076652527,0.6262
1,4,24,0.004139920926094055,0.6262
1,4,25,0.0041439531803131105,0.6263
1,4,26,0.004153841066360474,0.6266
1,4,27,0.004174759709835053,0.6265
1,4,28,0.004188552927970886,0.626
1,4,29,0.0041951294183731076,0.6257
1,4,30,0.004199461567401886,0.6267
1,4,31,0.004221535503864288,0.6263
1,4,32,0.0042287337064743045,0.6263
1,4,33,0.004236970627307892,0.6254
1,4,34,0.00426340514421463,0.6254
1,4,35,0.004261832571029663,0.6255
1,4,36,0.004278675222396851,0.6259
1,4,37,0.004290005457401275,0.6257
1,4,38,0.0042942609310150145,0.6264
1,4,39,0.004304409611225128,0.6259
1,4,40,0.004325597894191742,0.6262
1,4,41,0.004323317658901215,0.626
1,4,42,0.004332146060466766,0.6267
1,4,43,0.004338072955608368,0.6257
1,4,44,0.004356035244464874,0.626
1,4,45,0.004361219727993012,0.6267
1,4,46,0.004365409135818481,0.6267
1,4,47,0.004374081909656525,0.6264
1,4,48,0.004381344616413116,0.6256
1,4,49,0.00439107254743576,0.6262
2,4,0,0.003965327954292297,0.2836
2,4,1,0.003148676514625549,0.4575
2,4,2,0.0033644909739494323,0.4569
2,4,3,0.00357656352519989,0.4681
2,4,4,0.003790739727020264,0.4931
2,4,5,0.0041387810587883,0.4981
2,4,6,0.004633854126930237,0.4627
2,4,7,0.004513670134544372,0.4943
2,4,8,0.004704013776779175,0.5152
2,4,9,0.004736385941505432,0.5189
2,4,10,0.004386742413043976,0.5377
2,4,11,0.004684891891479492,0.527
2,4,12,0.004876754713058471,0.5362
2,4,13,0.0049133047580719,0.5309
2,4,14,0.005014703035354614,0.5246
2,4,15,0.005318515372276306,0.5252
2,4,16,0.005405491709709167,0.5046
2,4,17,0.0055828055858612065,0.4999
2,4,18,0.005269222497940064,0.5266
2,4,19,0.005202711701393127,0.5276
2,4,20,0.0053113882303237915,0.5317
2,4,21,0.005200387644767762,0.5321
2,4,22,0.005328993558883667,0.5427
2,4,23,0.005215673613548279,0.5374
2,4,24,0.005204858422279358,0.54
2,4,25,0.005244517493247986,0.5366
2,4,26,0.005361501002311707,0.545
2,4,27,0.005395092391967773,0.548
2,4,28,0.005189409708976745,0.549
2,4,29,0.005450529503822327,0.5396
2,4,30,0.005634714198112488,0.5501
2,4,31,0.005636724734306335,0.5574
2,4,32,0.00554473466873169,0.5508
2,4,33,0.005692732238769531,0.5474
2,4,34,0.005882565474510193,0.5336
2,4,35,0.00570790867805481,0.5431
2,4,36,0.005866261434555054,0.5399
2,4,37,0.005513367700576782,0.5359
2,4,38,0.00541460280418396,0.543
2,4,39,0.005165751838684082,0.5397
2,4,40,0.005005792927742004,0.5636
2,4,41,0.005105043816566467,0.5684
2,4,42,0.005321987175941467,0.5586
2,4,43,0.005176355147361755,0.5669
2,4,44,0.005211208748817444,0.5707
2,4,45,0.00520430097579956,0.5769
2,4,46,0.005237288904190064,0.5813
2,4,47,0.005215675568580627,0.581
2,4,48,0.0052907349824905395,0.5769
2,4,49,0.0052529185295104985,0.5796
3,4,0,0.003358931839466095,0.5078
3,4,1,0.002475783097743988,0.5733
3,4,2,0.0029136040687561034,0.5477
3,4,3,0.003146741425991058,0.5752
3,4,4,0.0035549612045288085,0.5861
3,4,5,0.004124418866634369,0.5669
3,4,6,0.004351951289176941,0.5607
3,4,7,0.00437293450832367,0.5636
3,4,8,0.004237941610813141,0.5715
3,4,9,0.004204278802871704,0.5893
3,4,10,0.0046242751240730285,0.5752
3,4,11,0.004691506361961364,0.5735
3,4,12,0.004905927324295044,0.5841
3,4,13,0.0049982614994049076,0.5762
3,4,14,0.005199928283691407,0.5611
3,4,15,0.00496272988319397,0.5789
3,4,16,0.00510849256515503,0.5591
3,4,17,0.004860440683364868,0.5769
3,4,18,0.005005572581291199,0.5569
3,4,19,0.004747761845588684,0.5855
3,4,20,0.004534383428096771,0.5892
3,4,21,0.0047868092775344845,0.5925
3,4,22,0.004783760905265808,0.5983
3,4,23,0.0049017345428466795,0.595
3,4,24,0.005034624338150024,0.5917
3,4,25,0.005003587675094605,0.5984
3,4,26,0.0050298599004745485,0.6047
3,4,27,0.004993412947654724,0.6042
3,4,28,0.005020920920372009,0.6058
3,4,29,0.005018726181983948,0.608
3,4,30,0.005004468727111817,0.6076
3,4,31,0.00501513421535492,0.6089
3,4,32,0.005023132228851319,0.6082
3,4,33,0.005023542213439942,0.6096
3,4,34,0.005044351410865784,0.611
3,4,35,0.0050455430269241335,0.6103
3,4,36,0.005055794882774353,0.6107
3,4,37,0.005059159994125366,0.6106
3,4,38,0.005070049953460693,0.6108
3,4,39,0.005076786661148071,0.6113
3,4,40,0.005083907008171081,0.6105
3,4,41,0.005090302038192749,0.6113
3,4,42,0.005086359477043152,0.6109
3,4,43,0.005099370861053467,0.6111
3,4,44,0.0051010916709899904,0.6104
3,4,45,0.005106261014938354,0.6111
3,4,46,0.005108237028121948,0.6129
3,4,47,0.005118423557281494,0.6117
3,4,48,0.005116329526901245,0.612
3,4,49,0.005120481967926025,0.6124
4,4,0,0.0036790455818176268,0.3194
4,4,1,0.003065042769908905,0.4647
4,4,2,0.003731365144252777,0.4228
4,4,3,0.00338858300447464,0.4819
4,4,4,0.003998706638813018,0.4818
4,4,5,0.004379463458061218,0.4878
4,4,6,0.004285210108757019,0.5038
4,4,7,0.00430999766588211,0.5135
4,4,8,0.0046232108116149905,0.4931
4,4,9,0.004884519767761231,0.4793
4,4,10,0.004581435549259186,0.5138
4,4,11,0.004990076875686645,0.5077
4,4,12,0.0050330274820327755,0.5231
4,4,13,0.004704614305496216,0.5217
4,4,14,0.0050256417512893675,0.5296
4,4,15,0.005023753237724304,0.5339
4,4,16,0.005188099646568299,0.5306
4,4,17,0.005545662689208984,0.5259
4,4,18,0.0053310000896453855,0.5263
4,4,19,0.0055935059785842895,0.5203
4,4,20,0.00582737979888916,0.5131
4,4,21,0.005370384287834168,0.5191
4,4,22,0.00552852041721344,0.495
4,4,23,0.005232676386833191,0.5056
4,4,24,0.005168079733848572,0.524
4,4,25,0.004985503649711609,0.5325
4,4,26,0.0049886210441589356,0.5487
4,4,27,0.005238579940795899,0.5454
4,4,28,0.005302439618110656,0.552
4,4,29,0.005323252844810486,0.5578
4,4,30,0.005232212543487549,0.5607
4,4,31,0.005246105790138245,0.5634
4,4,32,0.00527938551902771,0.5633
4,4,33,0.005256439352035522,0.5663
4,4,34,0.005257424879074097,0.5659
4,4,35,0.005277178740501404,0.5658
4,4,36,0.005286958146095276,0.5635
4,4,37,0.0052932908296585085,0.5639
4,4,38,0.00530686240196228,0.5642
4,4,39,0.005296137595176696,0.5636
4,4,40,0.005311004281044006,0.5649
4,4,41,0.005312895631790161,0.5652
4,4,42,0.00531642746925354,0.563
4,4,43,0.005328145360946656,0.5647
4,4,44,0.0053352642059326175,0.5646
4,4,45,0.005330869817733765,0.5646
4,4,46,0.005347060227394104,0.5649
4,4,47,0.0053582867622375486,0.566
4,4,48,0.0053532403945922855,0.5651
4,4,49,0.005372566127777099,0.5655
